condition,growth_rate,mapped,acetate,propionate,butyrate,formate,succinate,ammonia,H2S,methanethiol,CO2,glucose,L_lactate,D_lactate
Gut-like nutrient-complete,0.7004949341391764,32.0,-5.0,11.260544276779532,10.847247644628428,0.0,0.011866775229206,1.472209985310719,1.9319837383157792,1.893059672715012,21.73341844581216,-10.0,-10.0,0.0
Lactate-conditioned (10 uptake bound),0.1561292533649124,32.0,-0.0,6.277976500950796,4.74158026173891,0.0,0.0026449167097289,6.545058741404298,1.9848402498920548,1.9761646906495869,12.160488481607056,-0.0,-10.0,0.0
Lactate-conditioned (39.2 uptake bound),0.3016284299049633,32.0,-0.0,20.205112048674863,11.334797612019791,0.0,0.0051097539839015,5.18917731318123,1.9707126529829544,1.9539522108719705,25.978135194247866,-0.0,-39.2,0.0
Lactate uptake fixed at 39.2,0.3016284299049862,,-0.0,20.20511204865351,11.334797612034617,0.0,0.0051097539839019,5.189177313181134,1.9707126529829468,1.953952210871967,25.97813519425212,-0.0,-39.2,0.0
Glucose + acetate 0,0.6127848364954542,32.0,-0.0,1.6864457883287511,8.763169716889681,14.959431902066363,0.0103809172117621,2.2895650748085625,1.9405001638642612,1.9064498431375068,7.225322230785487,-10.0,-0.0,0.0
Glucose + acetate 5,0.6305983491842756,32.0,-4.999999999999752,1.6773308403150518,11.140006045868956,9.812903759684344,0.0106826880609409,2.1235640595413714,1.9387705174649648,1.9037303618333643,12.20280252819208,-10.0,-0.0,0.0
Glucose + acetate 10,0.6484118618730969,32.0,-10.000000000000751,1.6682158923013528,13.51684237484879,4.666375617301517,0.01098445891012,1.9575630442741083,1.9370408710656712,1.9010108805292223,17.180282825599605,-10.0,-0.0,0.0
Glucose + acetate 20,0.6694610283944921,32.0,-17.465372296096195,1.6574453013502142,17.598178080462304,-0.0,0.0113410435414971,2.891979184666844,1.9349970509770764,1.8977974315131485,23.061874708530265,-10.0,-0.0,0.0
Glucose + acetate 25,0.6694610283943756,32.0,-17.46537229602909,1.657445301350274,17.598178080412595,-0.0,0.0113410435414951,2.89197918463398,1.9349970509770864,1.8977974315131665,23.06187470849737,-10.0,-0.0,0.0
